{
  "main": {
    "id": "db75fc126db2302c",
    "type": "split",
    "children": [
      {
        "id": "6046a9ba581d0d97",
        "type": "tabs",
        "children": [
          {
            "id": "753de875c27dfa9d",
            "type": "leaf",
            "state": {
              "type": "markdown",
              "state": {
                "file": "Assembly Language Basics.md",
                "mode": "source",
                "source": false
              },
              "icon": "lucide-file",
              "title": "Assembly Language Basics"
            }
          },
          {
            "id": "8381df63ef5c5fd2",
            "type": "leaf",
            "state": {
              "type": "markdown",
              "state": {
                "file": "Exam Questions/Stack related.md",
                "mode": "source",
                "source": false
              },
              "icon": "lucide-file",
              "title": "Stack related"
            }
          },
          {
            "id": "84ea43dd7b9abd41",
            "type": "leaf",
            "state": {
              "type": "markdown",
              "state": {
                "file": "Exam Questions/Stack related.md",
                "mode": "source",
                "source": false
              },
              "icon": "lucide-file",
              "title": "Stack related"
            }
          },
          {
            "id": "2337a05291750d17",
            "type": "leaf",
            "state": {
              "type": "markdown",
              "state": {
                "file": "Exam Questions/Operation errors - push, pop, memory.md",
                "mode": "source",
                "source": false
              },
              "icon": "lucide-file",
              "title": "Operation errors - push, pop, memory"
            }
          },
          {
            "id": "759edc9c63281303",
            "type": "leaf",
            "state": {
              "type": "markdown",
              "state": {
                "file": "Exam Questions/Operation errors - push, pop, memory.md",
                "mode": "source",
                "source": false
              },
              "icon": "lucide-file",
              "title": "Operation errors - push, pop, memory"
            }
          },
          {
            "id": "206255ce0feac44a",
            "type": "leaf",
            "state": {
              "type": "markdown",
              "state": {
                "file": "Exam Questions/Overflow.md",
                "mode": "source",
                "source": false
              },
              "icon": "lucide-file",
              "title": "Overflow"
            }
          },
          {
            "id": "de0c8b6091b2cc13",
            "type": "leaf",
            "state": {
              "type": "markdown",
              "state": {
                "file": "Overflow concept analysis.md",
                "mode": "source",
                "source": false
              },
              "icon": "lucide-file",
              "title": "Overflow concept analysis"
            }
          },
          {
            "id": "becd1cfde8c290cb",
            "type": "leaf",
            "state": {
              "type": "markdown",
              "state": {
                "file": "Data transfer instructions.md",
                "mode": "source",
                "source": false
              },
              "icon": "lucide-file",
              "title": "Data transfer instructions"
            }
          },
          {
            "id": "8cab84826825d48a",
            "type": "leaf",
            "state": {
              "type": "markdown",
              "state": {
                "file": "LHS and RHS.md",
                "mode": "source",
                "source": false
              },
              "icon": "lucide-file",
              "title": "LHS and RHS"
            }
          }
        ],
        "currentTab": 7
      }
    ],
    "direction": "vertical"
  },
  "left": {
    "id": "f5868f38a1012b4a",
    "type": "split",
    "children": [
      {
        "id": "f070774cbdf8ae66",
        "type": "tabs",
        "children": [
          {
            "id": "db6d215f9296ab47",
            "type": "leaf",
            "state": {
              "type": "file-explorer",
              "state": {
                "sortOrder": "alphabetical"
              },
              "icon": "lucide-folder-closed",
              "title": "Files"
            }
          },
          {
            "id": "35503bb0d5344880",
            "type": "leaf",
            "state": {
              "type": "search",
              "state": {
                "query": "",
                "matchingCase": false,
                "explainSearch": false,
                "collapseAll": false,
                "extraContext": false,
                "sortOrder": "alphabetical"
              },
              "icon": "lucide-search",
              "title": "Search"
            }
          },
          {
            "id": "ab98e3a4bb7bc764",
            "type": "leaf",
            "state": {
              "type": "bookmarks",
              "state": {},
              "icon": "lucide-bookmark",
              "title": "Bookmarks"
            }
          }
        ]
      }
    ],
    "direction": "horizontal",
    "width": 200
  },
  "right": {
    "id": "3462e2c2c8699b67",
    "type": "split",
    "children": [
      {
        "id": "0398750f5b2a498e",
        "type": "tabs",
        "children": [
          {
            "id": "d8e76f5d675bcd1f",
            "type": "leaf",
            "state": {
              "type": "backlink",
              "state": {
                "file": "Exam Questions/Two's complement questions.md",
                "collapseAll": false,
                "extraContext": false,
                "sortOrder": "alphabetical",
                "showSearch": false,
                "searchQuery": "",
                "backlinkCollapsed": false,
                "unlinkedCollapsed": true
              },
              "icon": "links-coming-in",
              "title": "Backlinks for Two's complement questions"
            }
          },
          {
            "id": "8b24f213f7da36f1",
            "type": "leaf",
            "state": {
              "type": "outgoing-link",
              "state": {
                "file": "Exam Questions/Two's complement questions.md",
                "linksCollapsed": false,
                "unlinkedCollapsed": true
              },
              "icon": "links-going-out",
              "title": "Outgoing links from Two's complement questions"
            }
          },
          {
            "id": "ac325aeee3c5cdef",
            "type": "leaf",
            "state": {
              "type": "tag",
              "state": {
                "sortOrder": "frequency",
                "useHierarchy": true
              },
              "icon": "lucide-tags",
              "title": "Tags"
            }
          },
          {
            "id": "6cffbd27fc15b35d",
            "type": "leaf",
            "state": {
              "type": "outline",
              "state": {
                "file": "Exam Questions/Two's complement questions.md"
              },
              "icon": "lucide-list",
              "title": "Outline of Two's complement questions"
            }
          }
        ]
      }
    ],
    "direction": "horizontal",
    "width": 300,
    "collapsed": true
  },
  "left-ribbon": {
    "hiddenItems": {
      "switcher:Open quick switcher": false,
      "graph:Open graph view": false,
      "canvas:Create new canvas": false,
      "daily-notes:Open today's daily note": false,
      "templates:Insert template": false,
      "command-palette:Open command palette": false,
      "obsidian-excalidraw-plugin:Create new drawing": false
    }
  },
  "active": "becd1cfde8c290cb",
  "lastOpenFiles": [
    "Data management.md",
    "Exam Questions/Stack related.md",
    "Exam Questions/Untitled.md",
    "Exam Questions/7 December.md",
    "Data transfer instructions.md",
    "Overflow concept analysis.md",
    "Exam Questions/Overflow.md",
    "Exam Questions/Operation errors - push, pop, memory.md",
    "Data definition directives.md",
    "atorsType oper.md",
    "ERROR TYPES + Program running.md",
    "Exam Questions/Session Exam.md",
    "Lectures/Lecture 3 - EFLAGS (& ALU).md",
    "Implicit operands.md",
    "LHS and RHS.md",
    "Exam Questions/WHAT SEGMENT WILL BE ACCESSED.md",
    "Exam Questions/Two's complement questions.md",
    "Pasted image 20241121181909.png",
    "Assembly Language Basics.md",
    "Seminaries/Seminar 4 - Strings, segments.md",
    "Seminaries/Seminar 3 - JUMPS.md",
    "Assembly - operators.md",
    "Offset formula.md",
    "Location Counter.md",
    "Pointer arithmetic.md",
    "Exam Questions/Jumps, Loops.md",
    "Memory Segments (and addresses).md",
    "Images/Pasted image 20241104124643.png",
    "Images/x86.png",
    "Pasted image 20241029011727.png",
    "Pasted image 20241029011724.png",
    "Exam Questions",
    "Images/TwosComplement.png",
    "Images",
    "Pasted image 20241029005944.png",
    "Pasted image 20241029005946.png",
    "Seminaries",
    "Labs",
    "Excalidraw",
    "Lectures"
  ]
}